songname,label
294.mp3,1
172.mp3,1
118.mp3,1
9.mp3,1
153.mp3,1
125.mp3,1
245.mp3,1
193.mp3,1
91.mp3,1
219.mp3,1
131.mp3,1
275.mp3,1
50.mp3,1
308.mp3,1
316.mp3,1
44.mp3,1
166.mp3,1
311.mp3,1
243.mp3,1
105.mp3,1
253.mp3,1
149.mp3,1
138.mp3,1
334.mp3,1
89.mp3,1
7.mp3,1
256.mp3,1
2.mp3,1
113.mp3,1
66.mp3,1
179.mp3,1
58.mp3,1
195.mp3,1
342.mp3,1
261.mp3,1
42.mp3,1
71.mp3,1
310.mp3,1
19.mp3,1
175.mp3,1
103.mp3,1
293.mp3,1
341.mp3,1
291.mp3,1
104.mp3,1
170.mp3,1
246.mp3,1
43.mp3,1
63.mp3,1
218.mp3,1
289.mp3,1
88.mp3,1
48.mp3,1
192.mp3,1
324.mp3,1
84.mp3,1
173.mp3,1
158.mp3,1
269.mp3,1
114.mp3,1
34.mp3,1
188.mp3,1
200.mp3,1
69.mp3,1
14.mp3,1
36.mp3,1
120.mp3,1
53.mp3,1
221.mp3,1
314.mp3,1
154.mp3,1
29.mp3,1
317.mp3,1
95.mp3,1
350.mp3,1
184.mp3,1
143.mp3,1
266.mp3,1
55.mp3,1
258.mp3,1
56.mp3,1
205.mp3,1
31.mp3,1
83.mp3,1
13.mp3,1
46.mp3,1
109.mp3,1
257.mp3,1
30.mp3,1
52.mp3,1
290.mp3,1
146.mp3,1
252.mp3,1
344.mp3,1
230.mp3,1
234.mp3,1
260.mp3,1
18.mp3,1
318.mp3,1
238.mp3,1
112.mp3,1
119.mp3,1
152.mp3,1
202.mp3,1
348.mp3,1
247.mp3,1
11.mp3,1
228.mp3,1
168.mp3,1
231.mp3,1
62.mp3,1
136.mp3,1
161.mp3,1
3.mp3,1
60.mp3,1
189.mp3,1
155.mp3,1
79.mp3,1
86.mp3,1
81.mp3,1
313.mp3,1
315.mp3,1
300.mp3,1
181.mp3,1
39.mp3,1
127.mp3,1
16.mp3,1
82.mp3,1
90.mp3,1
332.mp3,1
277.mp3,1
28.mp3,1
298.mp3,1
287.mp3,1
305.mp3,1
346.mp3,1
283.mp3,1
216.mp3,1
121.mp3,1
183.mp3,1
165.mp3,1
301.mp3,1
209.mp3,1
72.mp3,1
133.mp3,1
198.mp3,1
129.mp3,1
304.mp3,1
151.mp3,1
281.mp3,1
312.mp3,1
265.mp3,1
327.mp3,1
187.mp3,1
38.mp3,1
239.mp3,1
93.mp3,1
67.mp3,1
73.mp3,1
223.mp3,1
232.mp3,1
254.mp3,1
37.mp3,1
162.mp3,1
24.mp3,1
8.mp3,1
64.mp3,1
57.mp3,1
75.mp3,1
250.mp3,1
309.mp3,1
85.mp3,1
148.mp3,1
22.mp3,1
203.mp3,1
263.mp3,1
240.mp3,1
150.mp3,1
156.mp3,1
206.mp3,1
306.mp3,1
229.mp3,1
325.mp3,1
207.mp3,1
233.mp3,1
333.mp3,1
295.mp3,1
87.mp3,1
211.mp3,1
176.mp3,1
268.mp3,1
164.mp3,1
15.mp3,1
288.mp3,1
111.mp3,1
65.mp3,1
220.mp3,1
70.mp3,1
347.mp3,1
297.mp3,1
142.mp3,1
196.mp3,1
145.mp3,1
264.mp3,1
178.mp3,1
177.mp3,1
251.mp3,1
117.mp3,1
226.mp3,1
244.mp3,1
213.mp3,1
210.mp3,1
74.mp3,1
123.mp3,1
41.mp3,1
225.mp3,1
49.mp3,1
199.mp3,1
186.mp3,1
273.mp3,1
345.mp3,1
26.mp3,1
319.mp3,1
182.mp3,1
4.mp3,1
302.mp3,1
194.mp3,1
227.mp3,1
115.mp3,1
241.mp3,1
197.mp3,1
157.mp3,1
54.mp3,1
140.mp3,1
171.mp3,1
339.mp3,1
224.mp3,1
98.mp3,1
180.mp3,1
47.mp3,1
217.mp3,1
51.mp3,1
271.mp3,1
320.mp3,1
32.mp3,1
132.mp3,1
80.mp3,1
99.mp3,1
159.mp3,1
191.mp3,1
242.mp3,1
255.mp3,1
330.mp3,1
267.mp3,1
163.mp3,1
97.mp3,1
249.mp3,1
116.mp3,1
59.mp3,1
78.mp3,1
292.mp3,1
328.mp3,1
284.mp3,1
340.mp3,1
144.mp3,1
190.mp3,1
208.mp3,1
134.mp3,1
285.mp3,1
135.mp3,1
17.mp3,1
296.mp3,1
326.mp3,1
321.mp3,1
307.mp3,1
237.mp3,1
282.mp3,1
214.mp3,1
68.mp3,1
169.mp3,1
124.mp3,1
278.mp3,1
33.mp3,1
336.mp3,1
76.mp3,1
96.mp3,1
174.mp3,1
21.mp3,1
349.mp3,1
108.mp3,1
10.mp3,1
323.mp3,1
204.mp3,1
335.mp3,1
331.mp3,1
110.mp3,1
107.mp3,1
236.mp3,1
1.mp3,1
276.mp3,1
23.mp3,1
235.mp3,1
94.mp3,1
337.mp3,1
61.mp3,1
92.mp3,1
6.mp3,1
248.mp3,1
137.mp3,1
101.mp3,1
141.mp3,1
274.mp3,1
270.mp3,1
139.mp3,1
102.mp3,1
279.mp3,1
45.mp3,1
322.mp3,1
35.mp3,1
167.mp3,1
160.mp3,1
20.mp3,1
286.mp3,1
280.mp3,1
27.mp3,1
128.mp3,1
343.mp3,1
299.mp3,1
272.mp3,1
262.mp3,1
147.mp3,1
25.mp3,1
122.mp3,1
100.mp3,1
130.mp3,1
106.mp3,1
40.mp3,1
259.mp3,1
126.mp3,1
222.mp3,1
303.mp3,1
338.mp3,1
5.mp3,1
12.mp3,1
212.mp3,1
329.mp3,1
201.mp3,1
185.mp3,1
215.mp3,1
77.mp3,1
